{
  "created_at": "2025-11-30T06:09:07.559219",
  "seed": 42,
  "n_folds": 5,
  "methods": {
    "heuristic": {
      "mae": 645.8464285714285,
      "rmse": 840.8654117187839,
      "r2": 0.7097121191729476,
      "n_samples": 35
    },
    "knn": {
      "mae": 1305.8648506705824,
      "rmse": 1588.4955810003337,
      "r2": -0.03597183866111986,
      "n_samples": 35
    },
    "baseline_model": {
      "mae": 1241.6831612723215,
      "rmse": 1444.6740185081783,
      "r2": 0.14312858992262123,
      "n_samples": 35
    },
    "full_model": {
      "mae": 400.88751743861604,
      "rmse": 675.8279156932846,
      "r2": 0.8124797465226012,
      "n_samples": 35
    }
  },
  "by_category": {
    "touring_contemporary_company": {
      "heuristic": {
        "mae": 696.9722222222222,
        "rmse": 898.9841353964176,
        "r2": 0.26944872368242023,
        "n_samples": 9
      },
      "knn": {
        "mae": 1281.903842201789,
        "rmse": 1407.182344114973,
        "r2": -0.7899768047097881,
        "n_samples": 9
      },
      "baseline_model": {
        "mae": 1347.7760145399307,
        "rmse": 1520.7027908222158,
        "r2": -1.0904285800730689,
        "n_samples": 9
      },
      "full_model": {
        "mae": 243.13766818576389,
        "rmse": 310.10032081078305,
        "r2": 0.9130737229896897,
        "n_samples": 9
      }
    },
    "adult_literary_drama": {
      "heuristic": {
        "mae": 319.4375,
        "rmse": 466.40140805694404,
        "r2": 0.7934090283954199,
        "n_samples": 4
      },
      "knn": {
        "mae": 640.7275552303482,
        "rmse": 690.8428188354922,
        "r2": 0.5467371475926777,
        "n_samples": 4
      },
      "baseline_model": {
        "mae": 1054.0979919433594,
        "rmse": 1404.1958108462295,
        "r2": -0.8726084489153583,
        "n_samples": 4
      },
      "full_model": {
        "mae": 72.30828857421875,
        "rmse": 87.16267960613803,
        "r2": 0.9927847268215846,
        "n_samples": 4
      }
    },
    "romantic_tragedy": {
      "heuristic": {
        "mae": 679.25,
        "rmse": 812.6355175446124,
        "r2": 0.5921817586159129,
        "n_samples": 4
      },
      "knn": {
        "mae": 227.23580891198424,
        "rmse": 303.852020707426,
        "r2": 0.9429836639631647,
        "n_samples": 4
      },
      "baseline_model": {
        "mae": 985.6485900878906,
        "rmse": 1077.7758995112524,
        "r2": 0.2826485449101541,
        "n_samples": 4
      },
      "full_model": {
        "mae": 241.8604736328125,
        "rmse": 279.1742806036083,
        "r2": 0.9518688920484586,
        "n_samples": 4
      }
    },
    "family_classic": {
      "heuristic": {
        "mae": 629.0833333333334,
        "rmse": 879.6426683365999,
        "r2": 0.6522006403964886,
        "n_samples": 6
      },
      "knn": {
        "mae": 1255.423401558712,
        "rmse": 1379.2440553405922,
        "r2": 0.14493634864557792,
        "n_samples": 6
      },
      "baseline_model": {
        "mae": 1155.4790852864583,
        "rmse": 1382.5152159229972,
        "r2": 0.14087562075507232,
        "n_samples": 6
      },
      "full_model": {
        "mae": 314.4286295572917,
        "rmse": 573.7740193304197,
        "r2": 0.8520217243928798,
        "n_samples": 6
      }
    },
    "pop_ip": {
      "heuristic": {
        "mae": 1069.9375,
        "rmse": 1264.2905959222744,
        "r2": 0.24693835710078604,
        "n_samples": 4
      },
      "knn": {
        "mae": 1563.3654966180652,
        "rmse": 1986.4497970943116,
        "r2": -0.859053549933426,
        "n_samples": 4
      },
      "baseline_model": {
        "mae": 1645.7228393554688,
        "rmse": 1943.785376307985,
        "r2": -0.7800546389804321,
        "n_samples": 4
      },
      "full_model": {
        "mae": 612.7301635742188,
        "rmse": 888.2062907949177,
        "r2": 0.6283240999057587,
        "n_samples": 4
      }
    },
    "contemporary_mixed_bill": {
      "heuristic": {
        "mae": 542.09375,
        "rmse": 663.9098353927662,
        "r2": 0.3855757686205099,
        "n_samples": 4
      },
      "knn": {
        "mae": 2114.538247663861,
        "rmse": 2126.5404511476963,
        "r2": -5.303727434051709,
        "n_samples": 4
      },
      "baseline_model": {
        "mae": 1165.7154541015625,
        "rmse": 1282.0355831636266,
        "r2": -1.291132935633506,
        "n_samples": 4
      },
      "full_model": {
        "mae": 564.5630187988281,
        "rmse": 743.2900031118409,
        "r2": 0.22986526165872756,
        "n_samples": 4
      }
    },
    "contemporary": {
      "heuristic": {
        "mae": 426.6249999999999,
        "rmse": 427.7138536743928,
        "r2": -0.8914107652422936,
        "n_samples": 2
      },
      "knn": {
        "mae": 2065.235874477028,
        "rmse": 2225.2736905201805,
        "r2": -50.19718569619115,
        "n_samples": 2
      },
      "baseline_model": {
        "mae": 1490.10400390625,
        "rmse": 1502.8892580689744,
        "r2": -22.352489345841256,
        "n_samples": 2
      },
      "full_model": {
        "mae": 143.96026611328125,
        "rmse": 197.75723148956158,
        "r2": 0.5956625489147543,
        "n_samples": 2
      }
    }
  }
}