{
  "created_at": "2025-11-30T05:49:37.544756",
  "seed": 42,
  "n_folds": 3,
  "methods": {
    "heuristic": {
      "mae": 645.8464285714285,
      "rmse": 840.8654117187839,
      "r2": 0.7097121191729476,
      "n_samples": 35
    },
    "knn": {
      "mae": 1323.6234938995594,
      "rmse": 1590.9678260844155,
      "r2": -0.039199004479291144,
      "n_samples": 35
    },
    "baseline_model": {
      "mae": 1266.8257428850447,
      "rmse": 1547.8761450204317,
      "r2": 0.016332455619800346,
      "n_samples": 35
    },
    "full_model": {
      "mae": 347.2527500697545,
      "rmse": 560.7228961869897,
      "r2": 0.8709159721977817,
      "n_samples": 35
    }
  },
  "by_category": {
    "pop_ip": {
      "heuristic": {
        "mae": 1069.9375,
        "rmse": 1264.2905959222744,
        "r2": 0.24693835710078604,
        "n_samples": 4
      },
      "knn": {
        "mae": 1874.1046989295005,
        "rmse": 2393.030343792556,
        "r2": -1.6979451951059437,
        "n_samples": 4
      },
      "baseline_model": {
        "mae": 2555.1083984375,
        "rmse": 2879.7256589422273,
        "r2": -2.9069598159101395,
        "n_samples": 4
      },
      "full_model": {
        "mae": 620.09912109375,
        "rmse": 815.0400676066026,
        "r2": 0.687035821980748,
        "n_samples": 4
      }
    },
    "touring_contemporary_company": {
      "heuristic": {
        "mae": 696.9722222222222,
        "rmse": 898.9841353964176,
        "r2": 0.26944872368242023,
        "n_samples": 9
      },
      "knn": {
        "mae": 1416.6926243673004,
        "rmse": 1535.456542155712,
        "r2": -1.1311877283573706,
        "n_samples": 9
      },
      "baseline_model": {
        "mae": 1246.2505967881943,
        "rmse": 1455.109024786096,
        "r2": -0.9139814175840362,
        "n_samples": 9
      },
      "full_model": {
        "mae": 283.659912109375,
        "rmse": 361.918290026191,
        "r2": 0.881595635533984,
        "n_samples": 9
      }
    },
    "adult_literary_drama": {
      "heuristic": {
        "mae": 319.4375,
        "rmse": 466.40140805694404,
        "r2": 0.7934090283954199,
        "n_samples": 4
      },
      "knn": {
        "mae": 715.6618791549397,
        "rmse": 804.47455869059,
        "r2": 0.3853664526994647,
        "n_samples": 4
      },
      "baseline_model": {
        "mae": 1012.1528015136719,
        "rmse": 1143.2998791214839,
        "r2": -0.24140059024484972,
        "n_samples": 4
      },
      "full_model": {
        "mae": 57.3426513671875,
        "rmse": 73.8747483358518,
        "r2": 0.9948169707325689,
        "n_samples": 4
      }
    },
    "romantic_tragedy": {
      "heuristic": {
        "mae": 679.25,
        "rmse": 812.6355175446124,
        "r2": 0.5921817586159129,
        "n_samples": 4
      },
      "knn": {
        "mae": 373.4762454882738,
        "rmse": 471.061419975303,
        "r2": 0.8629654362957813,
        "n_samples": 4
      },
      "baseline_model": {
        "mae": 708.2798156738281,
        "rmse": 782.7276045256028,
        "r2": 0.6216477261064645,
        "n_samples": 4
      },
      "full_model": {
        "mae": 233.21929931640625,
        "rmse": 315.6765264234643,
        "r2": 0.9384596976108819,
        "n_samples": 4
      }
    },
    "family_classic": {
      "heuristic": {
        "mae": 629.0833333333334,
        "rmse": 879.6426683365999,
        "r2": 0.6522006403964886,
        "n_samples": 6
      },
      "knn": {
        "mae": 1448.8307727710417,
        "rmse": 1644.0538197980284,
        "r2": -0.21492163093772376,
        "n_samples": 6
      },
      "baseline_model": {
        "mae": 1075.9318440755208,
        "rmse": 1271.613496300987,
        "r2": 0.27318068375848725,
        "n_samples": 6
      },
      "full_model": {
        "mae": 186.7642822265625,
        "rmse": 233.02465360831908,
        "r2": 0.9755926884052684,
        "n_samples": 6
      }
    },
    "contemporary": {
      "heuristic": {
        "mae": 426.6249999999999,
        "rmse": 427.7138536743928,
        "r2": -0.8914107652422936,
        "n_samples": 2
      },
      "knn": {
        "mae": 1956.0217960048838,
        "rmse": 2024.5811129672743,
        "r2": -41.378890654395704,
        "n_samples": 2
      },
      "baseline_model": {
        "mae": 1908.15478515625,
        "rmse": 1910.120418434123,
        "r2": -36.72252161287569,
        "n_samples": 2
      },
      "full_model": {
        "mae": 417.7102966308594,
        "rmse": 566.2775750154202,
        "r2": -2.315415390301433,
        "n_samples": 2
      }
    },
    "contemporary_mixed_bill": {
      "heuristic": {
        "mae": 542.09375,
        "rmse": 663.9098353927662,
        "r2": 0.3855757686205099,
        "n_samples": 4
      },
      "knn": {
        "mae": 1602.1450463869157,
        "rmse": 1678.9496018134626,
        "r2": -2.9293928406656775,
        "n_samples": 4
      },
      "baseline_model": {
        "mae": 1114.7224426269531,
        "rmse": 1236.8614125699496,
        "r2": -1.132515572484539,
        "n_samples": 4
      },
      "full_model": {
        "mae": 497.2829284667969,
        "rmse": 749.3287731779232,
        "r2": 0.2173006947321835,
        "n_samples": 4
      }
    }
  }
}