{
  "created_at": "2025-11-26T17:26:18.029115",
  "seed": 42,
  "n_folds": 3,
  "methods": {
    "heuristic": {
      "mae": 685.2214285714285,
      "rmse": 879.2236251578516,
      "r2": 0.6826236023259122,
      "n_samples": 35
    },
    "knn": {
      "mae": 1502.936643122163,
      "rmse": 1765.8144729441788,
      "r2": -0.2801653616934179,
      "n_samples": 35
    },
    "baseline_model": {
      "mae": 1452.2523158482143,
      "rmse": 1689.8721715311467,
      "r2": -0.17242112801026832,
      "n_samples": 35
    },
    "full_model": {
      "mae": 343.4081821986607,
      "rmse": 552.7286095550655,
      "r2": 0.8745704636505024,
      "n_samples": 35
    }
  },
  "by_category": {
    "pop_ip": {
      "heuristic": {
        "mae": 1105.09375,
        "rmse": 1302.0163704447998,
        "r2": 0.2013258987405605,
        "n_samples": 4
      },
      "knn": {
        "mae": 1815.9127062094844,
        "rmse": 2228.316197798075,
        "r2": -1.3393238398747789,
        "n_samples": 4
      },
      "baseline_model": {
        "mae": 2128.710418701172,
        "rmse": 2282.3955093166305,
        "r2": -1.4542484230374515,
        "n_samples": 4
      },
      "full_model": {
        "mae": 613.2048950195312,
        "rmse": 795.3775087308778,
        "r2": 0.7019539816188871,
        "n_samples": 4
      }
    },
    "touring_contemporary_company": {
      "heuristic": {
        "mae": 762.5972222222222,
        "rmse": 950.1476319864427,
        "r2": 0.18392733873911993,
        "n_samples": 9
      },
      "knn": {
        "mae": 1620.8123908577331,
        "rmse": 1769.6625029598758,
        "r2": -1.8309196701355526,
        "n_samples": 9
      },
      "baseline_model": {
        "mae": 1629.0568440755208,
        "rmse": 1937.9693280468598,
        "r2": -2.3950052245508435,
        "n_samples": 9
      },
      "full_model": {
        "mae": 280.75751410590277,
        "rmse": 359.26310229146316,
        "r2": 0.8833265929922601,
        "n_samples": 9
      }
    },
    "contemporary_mixed_bill": {
      "heuristic": {
        "mae": 506.9375,
        "rmse": 629.7268132889054,
        "r2": 0.4472172257489395,
        "n_samples": 4
      },
      "knn": {
        "mae": 2242.1013576170967,
        "rmse": 2365.294280865581,
        "r2": -6.798669096470951,
        "n_samples": 4
      },
      "baseline_model": {
        "mae": 1203.2549438476562,
        "rmse": 1502.2233177530475,
        "r2": -2.145713221288232,
        "n_samples": 4
      },
      "full_model": {
        "mae": 499.03118896484375,
        "rmse": 750.6518208936693,
        "r2": 0.21453431828974934,
        "n_samples": 4
      }
    },
    "adult_literary_drama": {
      "heuristic": {
        "mae": 319.4375,
        "rmse": 466.40140805694404,
        "r2": 0.7934090283954199,
        "n_samples": 4
      },
      "knn": {
        "mae": 1038.169851108476,
        "rmse": 1108.6517436882102,
        "r2": -0.16729848315227147,
        "n_samples": 4
      },
      "baseline_model": {
        "mae": 1228.8353271484375,
        "rmse": 1312.5300359764274,
        "r2": -0.6361010885499301,
        "n_samples": 4
      },
      "full_model": {
        "mae": 62.79931640625,
        "rmse": 76.31719224111802,
        "r2": 0.9944685829959236,
        "n_samples": 4
      }
    },
    "romantic_tragedy": {
      "heuristic": {
        "mae": 742.53125,
        "rmse": 911.9078879435959,
        "r2": 0.4864567889252779,
        "n_samples": 4
      },
      "knn": {
        "mae": 979.6355411879797,
        "rmse": 1303.5369148525547,
        "r2": -0.049353261167745854,
        "n_samples": 4
      },
      "baseline_model": {
        "mae": 1069.6680908203125,
        "rmse": 1189.3587746372536,
        "r2": 0.12642376755562412,
        "n_samples": 4
      },
      "full_model": {
        "mae": 237.88201904296875,
        "rmse": 316.2971155170375,
        "r2": 0.9382174953728647,
        "n_samples": 4
      }
    },
    "family_classic": {
      "heuristic": {
        "mae": 678.7708333333334,
        "rmse": 900.2004189461552,
        "r2": 0.6357541395073054,
        "n_samples": 6
      },
      "knn": {
        "mae": 1406.325427413678,
        "rmse": 1731.574653878748,
        "r2": -0.3477168050990971,
        "n_samples": 6
      },
      "baseline_model": {
        "mae": 1415.6532796223958,
        "rmse": 1658.8030611626102,
        "r2": -0.23681817832909058,
        "n_samples": 6
      },
      "full_model": {
        "mae": 187.41536458333334,
        "rmse": 232.1808821523999,
        "r2": 0.975769123878621,
        "n_samples": 6
      }
    },
    "contemporary": {
      "heuristic": {
        "mae": 426.6249999999999,
        "rmse": 427.7138536743928,
        "r2": -0.8914107652422936,
        "n_samples": 2
      },
      "knn": {
        "mae": 1812.583952770991,
        "rmse": 1812.7236383749039,
        "r2": -32.97366641291084,
        "n_samples": 2
      },
      "baseline_model": {
        "mae": 1581.6922607421875,
        "rmse": 1617.9523255296838,
        "r2": -26.065164004579273,
        "n_samples": 2
      },
      "full_model": {
        "mae": 350.472412109375,
        "rmse": 469.7180806422253,
        "r2": -1.2811496498404282,
        "n_samples": 2
      }
    }
  }
}