{
  "feature_importances": {
    "wiki": 0.7838256970206585,
    "trends": 0.11185984645958606,
    "youtube": 0.054291038197373055,
    "spotify": 0.022512313476484185,
    "season": 0.018997646508241012,
    "genre": 0.008513458337657225
  },
  "top_features": {
    "wiki": 0.7838256970206585,
    "trends": 0.11185984645958606,
    "youtube": 0.054291038197373055,
    "spotify": 0.022512313476484185,
    "season": 0.018997646508241012,
    "genre": 0.008513458337657225
  },
  "generated_at": "2025-11-30T05:00:49.887636"
}