{
  "training_date": "2025-11-30T05:49:28.714594",
  "model_type": "xgboost",
  "seed": 42,
  "tuned": false,
  "n_samples": 35,
  "features": {
    "numeric": [
      "wiki",
      "trends",
      "youtube",
      "spotify",
      "prior_total_tickets",
      "prior_run_count",
      "ticket_median_prior",
      "years_since_last_run",
      "is_remount_recent",
      "is_remount_medium",
      "run_count_prior",
      "month_of_opening",
      "holiday_flag"
    ],
    "categorical": [
      "category",
      "gender"
    ],
    "total": 15
  },
  "cv_metrics": {
    "mae_mean": 345.2394444056921,
    "mae_std": 177.91328968365872,
    "rmse_mean": 516.2006719579272,
    "rmse_std": 286.7772624932161,
    "r2_mean": 0.8560795175489035,
    "r2_std": 0.12663961589760855,
    "n_folds": 5
  },
  "train_metrics": {
    "mae": 2.45947963169619,
    "rmse": 5.76811146090125,
    "r2": 0.9999863402353806,
    "mae_log": 0.0008620691791854287,
    "rmse_log": 0.002172997733286409
  },
  "target_column": "target_ticket_median",
  "dataset_path": "data/modelling_dataset.csv"
}