{
  "training_date": "2025-11-30T06:46:26.400922",
  "model_type": "xgboost",
  "seed": 42,
  "tuned": false,
  "n_samples": 20,
  "features": {
    "numeric": [
      "wiki",
      "trends",
      "youtube",
      "spotify",
      "years_since_last_run",
      "is_remount_recent",
      "prior_total_tickets"
    ],
    "categorical": [
      "category",
      "gender"
    ],
    "total": 9
  },
  "cv_metrics": {
    "mae_mean": 2395.7206054687504,
    "mae_std": 530.0894154322153,
    "rmse_mean": 3087.9733203220067,
    "rmse_std": 630.4924463042331,
    "r2_mean": -1.009240673672791,
    "r2_std": 1.1987392712427085,
    "n_folds": 5
  },
  "train_metrics": {
    "mae": 13.898388671876273,
    "rmse": 21.895996640364466,
    "r2": 0.9999310850546868,
    "mae_log": 0.0010591654040508658,
    "rmse_log": 0.0015212796901788615
  },
  "target_column": "target_ticket_median",
  "dataset_path": "/tmp/tmpau2505lp/test_dataset.csv",
  "git_commit_hash": "060d83c",
  "data_file_hash": "db93b076506bdd67",
  "dataset_shape": {
    "n_rows": 20,
    "n_columns": 12
  }
}