{
  "training_date": "2025-12-05T05:40:50.544504",
  "model_type": "xgboost",
  "seed": 42,
  "tuned": false,
  "n_samples": 20,
  "features": {
    "numeric": [
      "wiki",
      "trends",
      "youtube",
      "spotify",
      "years_since_last_run",
      "is_remount_recent",
      "prior_total_tickets"
    ],
    "categorical": [
      "end_date",
      "category",
      "gender"
    ],
    "total": 10
  },
  "cv_metrics": {
    "mae_mean": 3186.7154296875,
    "mae_std": 1412.6517752002421,
    "rmse_mean": 3631.1729995836345,
    "rmse_std": 1541.6145212312936,
    "r2_mean": -15.687821299720387,
    "r2_std": 14.915746746697591,
    "n_folds": 5
  },
  "train_metrics": {
    "mae": 20.693945312499636,
    "rmse": 27.410770251403324,
    "r2": 0.9998919993275968,
    "mae_log": 0.0016213737695279563,
    "rmse_log": 0.0020429560612578576
  },
  "target_column": "target_ticket_median",
  "dataset_path": "/tmp/tmp_xt0s_bs/test_dataset.csv",
  "git_commit_hash": "36b103a",
  "data_file_hash": "a9455801db5a8444",
  "dataset_shape": {
    "n_rows": 20,
    "n_columns": 13
  }
}