{
  "training_date": "2025-11-26T17:26:08.707250",
  "model_type": "xgboost",
  "seed": 42,
  "tuned": false,
  "n_samples": 35,
  "features": {
    "numeric": [
      "wiki",
      "trends",
      "youtube",
      "spotify",
      "prior_total_tickets",
      "prior_run_count",
      "ticket_median_prior",
      "years_since_last_run",
      "is_remount_recent",
      "is_remount_medium",
      "run_count_prior",
      "month_of_opening",
      "holiday_flag"
    ],
    "categorical": [
      "category",
      "gender"
    ],
    "total": 15
  },
  "cv_metrics": {
    "mae_mean": 380.8876900809158,
    "mae_std": 101.4246257696898,
    "rmse_mean": 543.782451612894,
    "rmse_std": 164.84484737491184,
    "r2_mean": 0.8144726277026507,
    "r2_std": 0.08690178080718257,
    "n_folds": 5
  },
  "train_metrics": {
    "mae": 2.459493582588982,
    "rmse": 5.768115515460796,
    "r2": 0.9999863402161769,
    "mae_log": 0.0008620691791854032,
    "rmse_log": 0.0021729977332864085
  },
  "target_column": "target_ticket_median",
  "dataset_path": "data/modelling_dataset.csv"
}