{
  "overall": {
    "mae": 589.687902898643,
    "rmse": 716.5402429509364,
    "r2": 0.7912733914437515,
    "n_train": 80,
    "n_test": 20,
    "features_used": [
      "wiki",
      "trends",
      "youtube",
      "spotify",
      "genre",
      "season"
    ],
    "time_aware_split": true,
    "log_transformed": true,
    "model_type": "random_forest"
  },
  "by_subgroup": {
    "genre": {
      "contemporary": {
        "mae": 601.1964076820936,
        "rmse": 744.5421384962415,
        "r2": 0.7452828105332959,
        "n_samples": 12
      },
      "classic": {
        "mae": 662.9261994708153,
        "rmse": 770.1032079552589,
        "r2": 0.7749043318419135,
        "n_samples": 5
      },
      "family": {
        "mae": 421.5900561445519,
        "rmse": 465.89973488228765,
        "r2": -30.477642225532513,
        "n_samples": 3
      }
    },
    "season": {
      "spring": {
        "mae": 621.7577658508256,
        "rmse": 754.3263797720535,
        "r2": 0.7917118861853523,
        "n_samples": 9
      },
      "fall": {
        "mae": 571.2450240199582,
        "rmse": 677.9929994648683,
        "r2": 0.7674273364566557,
        "n_samples": 9
      },
      "winter": {
        "mae": 528.3664745679009,
        "rmse": 710.7929531422305,
        "r2": 0.11580528529358669,
        "n_samples": 2
      }
    }
  },
  "generated_at": "2025-11-30T05:00:49.895262"
}